companyName,area,industry,websiteUrl
森のめぐみ工房,宮城県仙台市宮城野区,工務店,https://morimegu.co.jp/
一建設,宮城県名取市,工務店,https://www.hajime-kensetsu.co.jp/customhouse/
株式会社　菅原工務店,宮城県大崎市,工務店,https://www.sugawara-koumuten.com/
アオバクラフト,宮城県宮城郡利府町,工務店,https://www.aobacraft.co.jp/
佐元工務店,宮城県仙台市若林区,工務店,https://samoto.co.jp/
タカコウ・ハウス,宮城県石巻市,工務店,https://takakouhouse.com/
有限会社鎌田工務店,宮城県仙台市泉区,工務店,https://www.kamata-k.jp/
ウツミ工務店,宮城県仙台市,工務店,https://www.utsumi-h.com/
株式会社グレイト・ワーク,宮城県名取市,工務店,https://www.greatwork.co.jp/
株式会社杜ハウス,宮城県仙台市若林区,工務店,https://morihouse.jp/
十和建設株式会社,宮城県仙台市若林区,工務店,https://towagp.com/
ジェイウッド宮城,宮城県仙台市泉区,工務店,https://www.j-wood.co.jp/
江村工務店,宮城県大崎市,工務店,https://emurakt.co.jp/
株式会社リライト,宮城県仙台市,工務店,https://www.relight-sendai.co.jp/
株式会社萩野工務店,宮城県仙台市宮城野区,工務店,https://www.hagino.co.jp/
株式会社北沢工務店,宮城県仙台市太白区,工務店,https://www.k-kitazawa.co.jp/
株式会社コリンンハウス,宮城県仙台市,住宅会社,https://www.corin.co.jp/
株式会社ホクト,宮城県仙台市,工務店,https://www.hokuto-k.co.jp/
株式会社仙台工務店,宮城県仙台市,工務店,https://www.sendai-koumuten.com/
株式会社丸宮建設,宮城県仙台市,工務店,https://www.marumiya-kensetsu.jp/
株式会社スタイルホーム,宮城県仙台市,住宅会社,https://www.stylehome-sendai.com/
石黒建築工房,宮城県仙台市宮城野区,工務店,https://www.ishiguro-archi.com/
株式会社泉工務店,宮城県仙台市泉区,工務店,https://www.izumi-construction.co.jp/
スモリ工業株式会社,宮城県仙台市宮城野区,工務店,https://www.sumori.jp/
株式会社菅誠建設工業,宮城県仙台市青葉区,工務店,https://sgsei.com/
ヒノケン株式会社,宮城県仙台市若林区,工務店,https://hinoken.co.jp/
株式会社柿沢工務店,宮城県仙台市,工務店,https://kaki-s.com/
株式会社水間工務店,宮城県利府町,工務店,https://www.mizumakoumuten.co.jp/
工芸株式会社,宮城県仙台市太白区,工務店,https://craftcompany.info/
株式会社八弁,宮城県仙台市太白区,工務店,https://hachiben.com/
株式会社ライファー,宮城県仙台市若林区,工務店,https://lifer.co.jp/
株式会社グリーンハウザー,宮城県仙台市宮城野区,住宅会社,https://housing.greenhouser.co.jp/
さくら工房株式会社,宮城県塩竈市,工務店,https://reform-sakurakobo.com/
株式会社オルテリフォーム,宮城県仙台市太白区,リフォーム会社,https://www.orute-reform.co.jp/
有限会社山内工務店,宮城県仙台市,工務店,https://www.yamauchi-koumuten.com/
株式会社技工,宮城県仙台市泉区,工務店,http://k-gikou.com/
株式会社浅野工務店,宮城県登米市,工務店,https://www.asano-build.co.jp/
本間総合計画,宮城県仙台市青葉区,住宅会社,https://www.hom-ma.co.jp/
有限会社アイリュウ住宅,宮城県仙台市青葉区,工務店,http://www.airyu.jp/
セオリーホーム株式会社,宮城県石巻市,工務店,https://theoryhome.jp/
サクタ工務店,宮城県登米市,工務店,https://sakutakoumuten.com/
株式会社山大ホーム,宮城県石巻市,工務店,https://www.yamadaihome.com/
タカカツプレインホーム,宮城県名取市,工務店,https://plainhome.jp/
サスティナライフ森の家,宮城県仙台市泉区,工務店,https://www.sustainalife.co.jp/
株式会社徳田工務店,宮城県仙台市太白区,工務店,https://www.tokuta.jp/
株式会社仙臺屋,宮城県仙台市青葉区,工務店,https://www.sendaiya1000.com/
